origin_port,origin_region,cargo,destination_port,cargo_distance_m,displayed_sell_value_gbp,distance_status,value_status,source_recording,supporting_frame_count,distinct_ocr_tuples_seen
Louisbourg,Belle Isles,Lace,Al-Jazair,7678.4,206,CONFIRMED_FROM_SCREENSHOT,CONFIRMED_FROM_SCREENSHOT,Louisbourg sell4.png,1,1
Louisbourg,Belle Isles,Lace,Ashbourne,3970.9,146,CONFIRMED_FROM_SCREENSHOT,CONFIRMED_FROM_SCREENSHOT,Louisbourg sell6.png; Louisbourg sell7.png,2,1
Louisbourg,Belle Isles,Lace,Belfry Heights,10247.4,248,CONFIRMED_FROM_SCREENSHOT,CONFIRMED_FROM_SCREENSHOT,Louisbourg sell3.png,1,1
Louisbourg,Belle Isles,Lace,Bucket Bay,4634.5,157,CONFIRMED_FROM_SCREENSHOT,CONFIRMED_FROM_SCREENSHOT,Louisbourg sell6.png; Louisbourg sell7.png,2,1
Louisbourg,Belle Isles,Lace,Caledonia,8607.7,221,CONFIRMED_FROM_SCREENSHOT,CONFIRMED_FROM_SCREENSHOT,Louisbourg sell4.png,1,1
Louisbourg,Belle Isles,Lace,Castle Landing,11029.2,260,CONFIRMED_FROM_SCREENSHOT,CONFIRMED_FROM_SCREENSHOT,Louisbourg sell2.png,1,1
Louisbourg,Belle Isles,Lace,Caveira,8360.7,217,CONFIRMED_FROM_SCREENSHOT,CONFIRMED_FROM_SCREENSHOT,Louisbourg sell4.png,1,1
Louisbourg,Belle Isles,Lace,Caye Tiburon,8817.0,225,CONFIRMED_FROM_SCREENSHOT,CONFIRMED_FROM_SCREENSHOT,Louisbourg sell3.png,1,1
Louisbourg,Belle Isles,Lace,Crownstead,3811.8,143,CONFIRMED_FROM_SCREENSHOT,CONFIRMED_FROM_SCREENSHOT,Louisbourg sell6.png; Louisbourg sell7.png,2,1
Louisbourg,Belle Isles,Lace,Cumberland Hill,12044.4,277,CONFIRMED_FROM_SCREENSHOT,CONFIRMED_FROM_SCREENSHOT,Louisbourg sell2.png,1,2
Louisbourg,Belle Isles,Lace,Deadman's Murcia,8012.3,211,CONFIRMED_FROM_SCREENSHOT,CONFIRMED_FROM_SCREENSHOT,Louisbourg sell4.png,1,1
Louisbourg,Belle Isles,Lace,Fair Harbour,5364.3,168,CONFIRMED_FROM_SCREENSHOT,CONFIRMED_FROM_SCREENSHOT,Louisbourg sell5.png,1,1
Louisbourg,Belle Isles,Lace,Falmouth,5483.8,170,CONFIRMED_FROM_SCREENSHOT,CONFIRMED_FROM_SCREENSHOT,Louisbourg sell5.png,1,1
Louisbourg,Belle Isles,Lace,Gyldenvale,5002.5,163,CONFIRMED_FROM_SCREENSHOT,CONFIRMED_FROM_SCREENSHOT,Louisbourg sell5.png,1,1
Louisbourg,Belle Isles,Lace,Jones' Outpost,11060.2,261,CONFIRMED_FROM_SCREENSHOT,CONFIRMED_FROM_SCREENSHOT,Louisbourg sell2.png,1,1
Louisbourg,Belle Isles,Lace,Kandlerova,15460.5,332,CONFIRMED_FROM_SCREENSHOT,CONFIRMED_FROM_SCREENSHOT,Louisbourg sell1.png,1,1
Louisbourg,Belle Isles,Lace,La Povenglia,13774.2,305,CONFIRMED_FROM_SCREENSHOT,CONFIRMED_FROM_SCREENSHOT,Louisbourg sell1.png,1,1
Louisbourg,Belle Isles,Lace,Lebarde,10470.9,251,CONFIRMED_FROM_SCREENSHOT,CONFIRMED_FROM_SCREENSHOT,Louisbourg sell3.png,1,1
Louisbourg,Belle Isles,Lace,Lord Irving's Sacrifice,9490.8,235,CONFIRMED_FROM_SCREENSHOT,CONFIRMED_FROM_SCREENSHOT,Louisbourg sell3.png,1,1
Louisbourg,Belle Isles,Lace,Madalena,9404.8,234,CONFIRMED_FROM_SCREENSHOT,CONFIRMED_FROM_SCREENSHOT,Louisbourg sell3.png,1,1
Louisbourg,Belle Isles,Lace,Mako's Outlook,10157.6,246,CONFIRMED_FROM_SCREENSHOT,CONFIRMED_FROM_SCREENSHOT,Louisbourg sell3.png,1,1
Louisbourg,Belle Isles,Lace,Matthew's Rest,4026.9,147,CONFIRMED_FROM_SCREENSHOT,CONFIRMED_FROM_SCREENSHOT,Louisbourg sell6.png; Louisbourg sell7.png,2,1
Louisbourg,Belle Isles,Lace,Maurepas,877.6,96,CONFIRMED_FROM_SCREENSHOT,CONFIRMED_FROM_SCREENSHOT,Louisbourg sell7.png,1,1
Louisbourg,Belle Isles,Lace,New Brighton,7040.2,19,CONFIRMED_FROM_SCREENSHOT,CONFIRMED_FROM_SCREENSHOT,Louisbourg sell5.png,1,1
Louisbourg,Belle Isles,Lace,New Catalina,12192.4,279,CONFIRMED_FROM_SCREENSHOT,CONFIRMED_FROM_SCREENSHOT,Louisbourg sell1.png,1,1
Louisbourg,Belle Isles,Lace,Pachard Town,3821.9,143,CONFIRMED_FROM_SCREENSHOT,CONFIRMED_FROM_SCREENSHOT,Louisbourg sell6.png; Louisbourg sell7.png,2,1
Louisbourg,Belle Isles,Lace,Peter's Cove,12934.0,291,CONFIRMED_FROM_SCREENSHOT,CONFIRMED_FROM_SCREENSHOT,Louisbourg sell1.png,1,1
Louisbourg,Belle Isles,Lace,Petit Anvers,1592.2,107,CONFIRMED_FROM_SCREENSHOT,CONFIRMED_FROM_SCREENSHOT,Louisbourg sell6.png; Louisbourg sell7.png,2,1
Louisbourg,Belle Isles,Lace,Poblado de San Juan,10783.5,256,CONFIRMED_FROM_SCREENSHOT,CONFIRMED_FROM_SCREENSHOT,Louisbourg sell2.png,1,1
Louisbourg,Belle Isles,Lace,Point Rocheux,3223.3,134,CONFIRMED_FROM_SCREENSHOT,CONFIRMED_FROM_SCREENSHOT,Louisbourg sell6.png; Louisbourg sell7.png,2,1
Louisbourg,Belle Isles,Lace,Ponta Delgada,7640.5,205,CONFIRMED_FROM_SCREENSHOT,CONFIRMED_FROM_SCREENSHOT,Louisbourg sell4.png,1,1
Louisbourg,Belle Isles,Lace,Port Antonio,6211.1,182,CONFIRMED_FROM_SCREENSHOT,CONFIRMED_FROM_SCREENSHOT,Louisbourg sell5.png,1,1
Louisbourg,Belle Isles,Lace,Port Louis,5179.7,165,CONFIRMED_FROM_SCREENSHOT,CONFIRMED_FROM_SCREENSHOT,Louisbourg sell5.png,1,1
Louisbourg,Belle Isles,Lace,Port Royal,7863.8,209,CONFIRMED_FROM_SCREENSHOT,CONFIRMED_FROM_SCREENSHOT,Louisbourg sell4.png,1,1
Louisbourg,Belle Isles,Lace,Port-Au-Croix,3296.0,135,CONFIRMED_FROM_SCREENSHOT,CONFIRMED_FROM_SCREENSHOT,Louisbourg sell6.png; Louisbourg sell7.png,2,1
Louisbourg,Belle Isles,Lace,Princeton,9363.2,233,CONFIRMED_FROM_SCREENSHOT,CONFIRMED_FROM_SCREENSHOT,Louisbourg sell3.png,1,1
Louisbourg,Belle Isles,Lace,Puerto de San Fernando,8285.1,216,CONFIRMED_FROM_SCREENSHOT,CONFIRMED_FROM_SCREENSHOT,Louisbourg sell4.png,1,1
Louisbourg,Belle Isles,Lace,Saint Vincent,6892.4,193,CONFIRMED_FROM_SCREENSHOT,CONFIRMED_FROM_SCREENSHOT,Louisbourg sell5.png,1,1
Louisbourg,Belle Isles,Lace,Saint-Nicholas,14132.6,311,CONFIRMED_FROM_SCREENSHOT,CONFIRMED_FROM_SCREENSHOT,Louisbourg sell1.png,1,1
Louisbourg,Belle Isles,Lace,Sainte Rose,1183.4,100,CONFIRMED_FROM_SCREENSHOT,CONFIRMED_FROM_SCREENSHOT,Louisbourg sell6.png; Louisbourg sell7.png,2,1
Louisbourg,Belle Isles,Lace,San Polo,14765.7,321,CONFIRMED_FROM_SCREENSHOT,CONFIRMED_FROM_SCREENSHOT,Louisbourg sell1.png,1,1
Louisbourg,Belle Isles,Lace,San Salvador,11843.2,274,CONFIRMED_FROM_SCREENSHOT,CONFIRMED_FROM_SCREENSHOT,Louisbourg sell2.png,1,1
Louisbourg,Belle Isles,Lace,San Vito,12094.0,278,CONFIRMED_FROM_SCREENSHOT,CONFIRMED_FROM_SCREENSHOT,Louisbourg sell1.png,1,1
Louisbourg,Belle Isles,Lace,Sandy Settlement,14010.0,309,CONFIRMED_FROM_SCREENSHOT,CONFIRMED_FROM_SCREENSHOT,Louisbourg sell1.png,1,1
Louisbourg,Belle Isles,Lace,Santa Maria,10568.0,253,CONFIRMED_FROM_SCREENSHOT,CONFIRMED_FROM_SCREENSHOT,Louisbourg sell3.png,1,1
Louisbourg,Belle Isles,Lace,Sao Bento,7764.1,207,CONFIRMED_FROM_SCREENSHOT,CONFIRMED_FROM_SCREENSHOT,Louisbourg sell4.png,1,1
Louisbourg,Belle Isles,Lace,Snake Prosper,8308.3,216,CONFIRMED_FROM_SCREENSHOT,CONFIRMED_FROM_SCREENSHOT,Louisbourg sell4.png,1,1
Louisbourg,Belle Isles,Lace,Sugar Cove,13125.8,295,CONFIRMED_FROM_SCREENSHOT,CONFIRMED_FROM_SCREENSHOT,Louisbourg sell1.png,1,1
Louisbourg,Belle Isles,Lace,Taylor's Town,13641.7,303,CONFIRMED_FROM_SCREENSHOT,CONFIRMED_FROM_SCREENSHOT,Louisbourg sell1.png,1,1
Louisbourg,Belle Isles,Lace,Theresa,7338.6,201,CONFIRMED_FROM_SCREENSHOT,CONFIRMED_FROM_SCREENSHOT,Louisbourg sell4.png,1,1
Louisbourg,Belle Isles,Lace,Thresher Point,10154.7,246,CONFIRMED_FROM_SCREENSHOT,CONFIRMED_FROM_SCREENSHOT,Louisbourg sell3.png,1,1
Louisbourg,Belle Isles,Lace,Venta Nueva,5286.2,167,CONFIRMED_FROM_SCREENSHOT,CONFIRMED_FROM_SCREENSHOT,Louisbourg sell5.png,1,1
Louisbourg,Belle Isles,Lace,Villarreal Del Mar,4848.0,160,CONFIRMED_FROM_SCREENSHOT,CONFIRMED_FROM_SCREENSHOT,Louisbourg sell6.png,1,1
Louisbourg,Belle Isles,Lace,White Hook,8921.7,226,CONFIRMED_FROM_SCREENSHOT,CONFIRMED_FROM_SCREENSHOT,Louisbourg sell3.png,1,1
Louisbourg,Belle Isles,Lace,Wyntergard,4991.7,162,CONFIRMED_FROM_SCREENSHOT,CONFIRMED_FROM_SCREENSHOT,Louisbourg sell5.png,1,1
Louisbourg,Belle Isles,Lace,Yorinobu's Settlement,6074.7,180,CONFIRMED_FROM_SCREENSHOT,CONFIRMED_FROM_SCREENSHOT,Louisbourg sell5.png,1,1
Maurepas,Belle Isles,Pelts,Al-Jazair,6826.4,177,CONFIRMED_FROM_SCREENSHOT,CONFIRMED_FROM_SCREENSHOT,Maurepas sell4.png,2,1
Maurepas,Belle Isles,Pelts,Ashbourne,3468.0,127,CONFIRMED_FROM_SCREENSHOT,CONFIRMED_FROM_SCREENSHOT,Maurepa Sell7.png; Maurepas Sell6.png,3,1
Maurepas,Belle Isles,Pelts,Belfry Heights,9436.7,217,CONFIRMED_FROM_SCREENSHOT,CONFIRMED_FROM_SCREENSHOT,Maurepas sell3.png,2,1
Maurepas,Belle Isles,Pelts,Bucket Bay,3778.2,132,CONFIRMED_FROM_SCREENSHOT,CONFIRMED_FROM_SCREENSHOT,Maurepa Sell7.png; Maurepas Sell6.png,3,1
Maurepas,Belle Isles,Pelts,Caledonia,7892.6,193,CONFIRMED_FROM_SCREENSHOT,CONFIRMED_FROM_SCREENSHOT,Maurepas sell4.png,2,1
Maurepas,Belle Isles,Pelts,Castle Landing,157.2,227,CONFIRMED_FROM_SCREENSHOT,CONFIRMED_FROM_SCREENSHOT,Maurepas sell3.png,2,1
Maurepas,Belle Isles,Pelts,Caveira,8445.8,202,CONFIRMED_FROM_SCREENSHOT,CONFIRMED_FROM_SCREENSHOT,Maurepas sell3.png,2,1
Maurepas,Belle Isles,Pelts,Caye Tiburon,7981.9,195,CONFIRMED_FROM_SCREENSHOT,CONFIRMED_FROM_SCREENSHOT,Maurepas sell4.png,2,1
Maurepas,Belle Isles,Pelts,Crownstead,3479.3,127,CONFIRMED_FROM_SCREENSHOT,CONFIRMED_FROM_SCREENSHOT,Maurepa Sell7.png; Maurepas Sell6.png,3,1
Maurepas,Belle Isles,Pelts,Cumberland Hill,11228.1,243,CONFIRMED_FROM_SCREENSHOT,CONFIRMED_FROM_SCREENSHOT,Maurepas sell2.png,2,1
Maurepas,Belle Isles,Pelts,Deadman's Murcia,7336.1,185,CONFIRMED_FROM_SCREENSHOT,CONFIRMED_FROM_SCREENSHOT,Maurepas sell4.png,2,1
Maurepas,Belle Isles,Pelts,Fair Harbour,4577.8,144,CONFIRMED_FROM_SCREENSHOT,CONFIRMED_FROM_SCREENSHOT,Maurepas sell5.png,2,1
Maurepas,Belle Isles,Pelts,Falmouth,4972.3,150,CONFIRMED_FROM_SCREENSHOT,CONFIRMED_FROM_SCREENSHOT,Maurepas sell5.png,2,1
Maurepas,Belle Isles,Pelts,Gyldenvale,4781.7,147,CONFIRMED_FROM_SCREENSHOT,CONFIRMED_FROM_SCREENSHOT,Maurepas sell5.png,2,1
Maurepas,Belle Isles,Pelts,Jones' Outpost,10243.3,229,CONFIRMED_FROM_SCREENSHOT,CONFIRMED_FROM_SCREENSHOT,Maurepas sell2.png,2,1
Maurepas,Belle Isles,Pelts,Kandlerova,14850.1,298,CONFIRMED_FROM_SCREENSHOT,CONFIRMED_FROM_SCREENSHOT,Maurepas sell1.png,2,1
Maurepas,Belle Isles,Pelts,La Povenglia,13062.3,271,CONFIRMED_FROM_SCREENSHOT,CONFIRMED_FROM_SCREENSHOT,Maurepas sell1.png,2,1
Maurepas,Belle Isles,Pelts,Lebarde,9594.4,219,CONFIRMED_FROM_SCREENSHOT,CONFIRMED_FROM_SCREENSHOT,Maurepas sell3.png,2,1
Maurepas,Belle Isles,Pelts,Lord Irving's Sacrifice,8793.2,207,CONFIRMED_FROM_SCREENSHOT,CONFIRMED_FROM_SCREENSHOT,Maurepas sell3.png,2,1
Maurepas,Belle Isles,Pelts,Louisbourg,877.6,87,CONFIRMED_FROM_SCREENSHOT,CONFIRMED_FROM_SCREENSHOT,Maurepa Sell7.png,1,1
Maurepas,Belle Isles,Pelts,Madalena,9642.5,220,CONFIRMED_FROM_SCREENSHOT,CONFIRMED_FROM_SCREENSHOT,Maurepas sell3.png,2,1
Maurepas,Belle Isles,Pelts,Mako's Outlook,9437.8,217,CONFIRMED_FROM_SCREENSHOT,CONFIRMED_FROM_SCREENSHOT,Maurepas sell3.png,2,1
Maurepas,Belle Isles,Pelts,Matthew's Rest,3150.7,122,CONFIRMED_FROM_SCREENSHOT,CONFIRMED_FROM_SCREENSHOT,Maurepa Sell7.png; Maurepas Sell6.png,3,1
Maurepas,Belle Isles,Pelts,New Brighton,6163.0,167,CONFIRMED_FROM_SCREENSHOT,CONFIRMED_FROM_SCREENSHOT,Maurepas sell5.png,2,1
Maurepas,Belle Isles,Pelts,New Catalina,11362.2,245,CONFIRMED_FROM_SCREENSHOT,CONFIRMED_FROM_SCREENSHOT,Maurepas sell2.png,2,1
Maurepas,Belle Isles,Pelts,Pachard Town,2969.3,120,CONFIRMED_FROM_SCREENSHOT,CONFIRMED_FROM_SCREENSHOT,Maurepa Sell7.png; Maurepas Sell6.png,3,1
Maurepas,Belle Isles,Pelts,Peter's Cove,12095.2,256,CONFIRMED_FROM_SCREENSHOT,CONFIRMED_FROM_SCREENSHOT,Maurepas sell1.png,2,1
Maurepas,Belle Isles,Pelts,Petit Anvers,2221.9,108,CONFIRMED_FROM_SCREENSHOT,CONFIRMED_FROM_SCREENSHOT,Maurepa Sell7.png; Maurepas Sell6.png,3,1
Maurepas,Belle Isles,Pelts,Poblado de San Juan,10535.7,233,CONFIRMED_FROM_SCREENSHOT,CONFIRMED_FROM_SCREENSHOT,Maurepas sell2.png,2,1
Maurepas,Belle Isles,Pelts,Point Rocheux,2684.8,115,CONFIRMED_FROM_SCREENSHOT,CONFIRMED_FROM_SCREENSHOT,Maurepa Sell7.png; Maurepas Sell6.png,3,1
Maurepas,Belle Isles,Pelts,Ponta Delgada,8108.8,197,CONFIRMED_FROM_SCREENSHOT,CONFIRMED_FROM_SCREENSHOT,Maurepas sell4.png,2,1
Maurepas,Belle Isles,Pelts,Port Antonio,5804.9,162,CONFIRMED_FROM_SCREENSHOT,CONFIRMED_FROM_SCREENSHOT,Maurepas sell5.png,2,1
Maurepas,Belle Isles,Pelts,Port Louis,4469.0,142,CONFIRMED_FROM_SCREENSHOT,CONFIRMED_FROM_SCREENSHOT,Maurepas Sell6.png,2,1
Maurepas,Belle Isles,Pelts,Port Royal,7257.7,184,CONFIRMED_FROM_SCREENSHOT,CONFIRMED_FROM_SCREENSHOT,Maurepas sell4.png,2,1
Maurepas,Belle Isles,Pelts,Port-Au-Croix,2542.1,113,CONFIRMED_FROM_SCREENSHOT,CONFIRMED_FROM_SCREENSHOT,Maurepa Sell7.png; Maurepas Sell6.png,3,1
Maurepas,Belle Isles,Pelts,Princeton,8491.0,202,CONFIRMED_FROM_SCREENSHOT,CONFIRMED_FROM_SCREENSHOT,Maurepas sell3.png,2,1
Maurepas,Belle Isles,Pelts,Puerto de San Fernando,8061.2,19,CONFIRMED_FROM_SCREENSHOT,CONFIRMED_FROM_SCREENSHOT,Maurepas sell4.png,2,1
Maurepas,Belle Isles,Pelts,Saint Vincent,6088.4,166,CONFIRMED_FROM_SCREENSHOT,CONFIRMED_FROM_SCREENSHOT,Maurepas sell5.png,2,1
Maurepas,Belle Isles,Pelts,Saint-Nicholas,13278.5,274,CONFIRMED_FROM_SCREENSHOT,CONFIRMED_FROM_SCREENSHOT,Maurepas sell1.png,2,1
Maurepas,Belle Isles,Pelts,Sainte Rose,2038.0,106,CONFIRMED_FROM_SCREENSHOT,CONFIRMED_FROM_SCREENSHOT,Maurepa Sell7.png; Maurepas Sell6.png,3,1
Maurepas,Belle Isles,Pelts,San Polo,14129.6,287,CONFIRMED_FROM_SCREENSHOT,CONFIRMED_FROM_SCREENSHOT,Maurepas sell1.png,2,1
Maurepas,Belle Isles,Pelts,San Salvador,11442.3,247,CONFIRMED_FROM_SCREENSHOT,CONFIRMED_FROM_SCREENSHOT,Maurepas sell1.png,2,1
Maurepas,Belle Isles,Pelts,San Vito,11398.5,246,CONFIRMED_FROM_SCREENSHOT,CONFIRMED_FROM_SCREENSHOT,Maurepas sell1.png,2,1
Maurepas,Belle Isles,Pelts,Sandy Settlement,13164.4,272,CONFIRMED_FROM_SCREENSHOT,CONFIRMED_FROM_SCREENSHOT,Maurepas sell1.png,2,1
Maurepas,Belle Isles,Pelts,Santa Maria,10287.2,229,CONFIRMED_FROM_SCREENSHOT,CONFIRMED_FROM_SCREENSHOT,Maurepas sell2.png,2,1
Maurepas,Belle Isles,Pelts,Sao Bento,8045.4,19,CONFIRMED_FROM_SCREENSHOT,CONFIRMED_FROM_SCREENSHOT,Maurepas sell4.png,2,1
Maurepas,Belle Isles,Pelts,Snake Prosper,7577.8,189,CONFIRMED_FROM_SCREENSHOT,CONFIRMED_FROM_SCREENSHOT,Maurepas sell4.png,2,1
Maurepas,Belle Isles,Pelts,Sugar Cove,12304.0,260,CONFIRMED_FROM_SCREENSHOT,CONFIRMED_FROM_SCREENSHOT,Maurepas sell1.png,2,1
Maurepas,Belle Isles,Pelts,Taylor's Town,12771.1,267,CONFIRMED_FROM_SCREENSHOT,CONFIRMED_FROM_SCREENSHOT,Maurepas sell1.png,2,1
Maurepas,Belle Isles,Pelts,Theresa,6908.7,179,CONFIRMED_FROM_SCREENSHOT,CONFIRMED_FROM_SCREENSHOT,Maurepas sell4.png,2,1
Maurepas,Belle Isles,Pelts,Thresher Point,9317.7,215,CONFIRMED_FROM_SCREENSHOT,CONFIRMED_FROM_SCREENSHOT,Maurepas sell3.png,2,1
Maurepas,Belle Isles,Pelts,Venta Nueva,5259.9,154,CONFIRMED_FROM_SCREENSHOT,CONFIRMED_FROM_SCREENSHOT,Maurepas sell5.png,2,1
Maurepas,Belle Isles,Pelts,Villarreal Del Mar,4613.1,144,CONFIRMED_FROM_SCREENSHOT,CONFIRMED_FROM_SCREENSHOT,Maurepas sell5.png,2,1
Maurepas,Belle Isles,Pelts,White Hook,8257.0,199,CONFIRMED_FROM_SCREENSHOT,CONFIRMED_FROM_SCREENSHOT,Maurepas sell3.png,2,1
Maurepas,Belle Isles,Pelts,Wyntergard,4551.3,143,CONFIRMED_FROM_SCREENSHOT,CONFIRMED_FROM_SCREENSHOT,Maurepas sell5.png,2,1
Maurepas,Belle Isles,Pelts,Yorinobu's Settlement,5201.5,153,CONFIRMED_FROM_SCREENSHOT,CONFIRMED_FROM_SCREENSHOT,Maurepas sell5.png,2,1
Petit Anvers,Belle Isles,Chocolate,Al-Jazair,8423.8,228,CONFIRMED_FROM_SCREENSHOT,CONFIRMED_FROM_SCREENSHOT,Petit Sell4.png,1,1
Petit Anvers,Belle Isles,Chocolate,Ashbourne,3907.5,151,CONFIRMED_FROM_SCREENSHOT,CONFIRMED_FROM_SCREENSHOT,Petit Sell6.png,1,1
Petit Anvers,Belle Isles,Chocolate,Belfry Heights,11618.9,283,CONFIRMED_FROM_SCREENSHOT,CONFIRMED_FROM_SCREENSHOT,Petit Sell3.png,1,1
Petit Anvers,Belle Isles,Chocolate,Bucket Bay,5488.5,178,CONFIRMED_FROM_SCREENSHOT,CONFIRMED_FROM_SCREENSHOT,Petit Sell5.png,1,1
Petit Anvers,Belle Isles,Chocolate,Caledonia,8811.0,235,CONFIRMED_FROM_SCREENSHOT,CONFIRMED_FROM_SCREENSHOT,Petit Sell4.png,1,1
Petit Anvers,Belle Isles,Chocolate,Castle Landing,11898.5,287,CONFIRMED_FROM_SCREENSHOT,CONFIRMED_FROM_SCREENSHOT,Petit Sell2.png,1,1
Petit Anvers,Belle Isles,Chocolate,Caveira,9659.8,249,CONFIRMED_FROM_SCREENSHOT,CONFIRMED_FROM_SCREENSHOT,Petit Sell4.png,1,1
Petit Anvers,Belle Isles,Chocolate,Caye Tiburon,10129.7,257,CONFIRMED_FROM_SCREENSHOT,CONFIRMED_FROM_SCREENSHOT,Petit Sell3.png,1,1
Petit Anvers,Belle Isles,Chocolate,Crownstead,3435.3,143,CONFIRMED_FROM_SCREENSHOT,CONFIRMED_FROM_SCREENSHOT,Petit Sell6.png,1,1
Petit Anvers,Belle Isles,Chocolate,Cumberland Hill,12552.3,298,CONFIRMED_FROM_SCREENSHOT,CONFIRMED_FROM_SCREENSHOT,Petit Sell2.png,1,1
Petit Anvers,Belle Isles,Chocolate,Deadman's Murcia,8120.9,223,CONFIRMED_FROM_SCREENSHOT,CONFIRMED_FROM_SCREENSHOT,Petit Sell4.png,1,1
Petit Anvers,Belle Isles,Chocolate,Fair Harbour,5895.1,185,CONFIRMED_FROM_SCREENSHOT,CONFIRMED_FROM_SCREENSHOT,Petit Sell5.png,1,1
Petit Anvers,Belle Isles,Chocolate,Falmouth,7073.1,205,CONFIRMED_FROM_SCREENSHOT,CONFIRMED_FROM_SCREENSHOT,Petit Sell5.png,1,1
Petit Anvers,Belle Isles,Chocolate,Gyldenvale,4299.6,158,CONFIRMED_FROM_SCREENSHOT,CONFIRMED_FROM_SCREENSHOT,Petit Sell6.png,1,1
Petit Anvers,Belle Isles,Chocolate,Jones' Outpost,11580.8,282,CONFIRMED_FROM_SCREENSHOT,CONFIRMED_FROM_SCREENSHOT,Petit Sell3.png,1,1
Petit Anvers,Belle Isles,Chocolate,Kandlerova,17032.7,375,CONFIRMED_FROM_SCREENSHOT,CONFIRMED_FROM_SCREENSHOT,Petit Sell1.png,1,1
Petit Anvers,Belle Isles,Chocolate,La Povenglia,15283.7,345,CONFIRMED_FROM_SCREENSHOT,CONFIRMED_FROM_SCREENSHOT,Petit Sell1.png,1,1
Petit Anvers,Belle Isles,Chocolate,Lebarde,11523.6,281,CONFIRMED_FROM_SCREENSHOT,CONFIRMED_FROM_SCREENSHOT,Petit Sell3.png,1,1
Petit Anvers,Belle Isles,Chocolate,Lord Irving's Sacrifice,11011.9,272,CONFIRMED_FROM_SCREENSHOT,CONFIRMED_FROM_SCREENSHOT,Petit Sell3.png,1,1
Petit Anvers,Belle Isles,Chocolate,Louisbourg,1592.2,112,CONFIRMED_FROM_SCREENSHOT,CONFIRMED_FROM_SCREENSHOT,Petit Sell6.png,1,1
Petit Anvers,Belle Isles,Chocolate,Madalena,10519.1,264,CONFIRMED_FROM_SCREENSHOT,CONFIRMED_FROM_SCREENSHOT,Petit Sell3.png,1,1
Petit Anvers,Belle Isles,Chocolate,Mako's Outlook,11659.5,283,CONFIRMED_FROM_SCREENSHOT,CONFIRMED_FROM_SCREENSHOT,Petit Sell3.png,1,1
Petit Anvers,Belle Isles,Chocolate,Matthew's Rest,5076.9,171,CONFIRMED_FROM_SCREENSHOT,CONFIRMED_FROM_SCREENSHOT,Petit Sell6.png,1,1
Petit Anvers,Belle Isles,Chocolate,Maurepas,2221.9,123,CONFIRMED_FROM_SCREENSHOT,CONFIRMED_FROM_SCREENSHOT,Petit Sell6.png,1,1
Petit Anvers,Belle Isles,Chocolate,New Catalina,12763.7,302,CONFIRMED_FROM_SCREENSHOT,CONFIRMED_FROM_SCREENSHOT,Petit Sell2.png,1,1
Petit Anvers,Belle Isles,Chocolate,Pachard Town,5114.0,172,CONFIRMED_FROM_SCREENSHOT,CONFIRMED_FROM_SCREENSHOT,Petit Sell5.png,1,1
Petit Anvers,Belle Isles,Chocolate,Peter's Cove,14226.2,327,CONFIRMED_FROM_SCREENSHOT,CONFIRMED_FROM_SCREENSHOT,Petit Sell1.png,1,1
Petit Anvers,Belle Isles,Chocolate,Poblado de San Juan,12313.9,294,CONFIRMED_FROM_SCREENSHOT,CONFIRMED_FROM_SCREENSHOT,Petit Sell2.png,1,1
Petit Anvers,Belle Isles,Chocolate,Point Rocheux,4803.4,167,CONFIRMED_FROM_SCREENSHOT,CONFIRMED_FROM_SCREENSHOT,Petit Sell6.png,1,1
Petit Anvers,Belle Isles,Chocolate,Ponta Delgada,8430.8,228,CONFIRMED_FROM_SCREENSHOT,CONFIRMED_FROM_SCREENSHOT,Petit Sell4.png,1,1
Petit Anvers,Belle Isles,Chocolate,Port Antonio,7799.1,218,CONFIRMED_FROM_SCREENSHOT,CONFIRMED_FROM_SCREENSHOT,Petit Sell5.png,1,1
Petit Anvers,Belle Isles,Chocolate,Port Louis,5493.5,178,CONFIRMED_FROM_SCREENSHOT,CONFIRMED_FROM_SCREENSHOT,Petit Sell5.png,1,1
Petit Anvers,Belle Isles,Chocolate,Port Royal,9434.5,245,CONFIRMED_FROM_SCREENSHOT,CONFIRMED_FROM_SCREENSHOT,Petit Sell4.png,1,1
Petit Anvers,Belle Isles,Chocolate,Port-Au-Croix,4764.0,166,CONFIRMED_FROM_SCREENSHOT,CONFIRMED_FROM_SCREENSHOT,Petit Sell6.png,1,1
Petit Anvers,Belle Isles,Chocolate,Princeton,10248.5,259,CONFIRMED_FROM_SCREENSHOT,CONFIRMED_FROM_SCREENSHOT,Petit Sell3.png,1,1
Petit Anvers,Belle Isles,Chocolate,Puerto de San Fernando,9811.2,252,CONFIRMED_FROM_SCREENSHOT,CONFIRMED_FROM_SCREENSHOT,Petit Sell3.png,1,1
Petit Anvers,Belle Isles,Chocolate,Saint Vincent,7432.1,211,CONFIRMED_FROM_SCREENSHOT,CONFIRMED_FROM_SCREENSHOT,Petit Sell5.png,1,1
Petit Anvers,Belle Isles,Chocolate,Saint-Nicholas,15362.4,346,CONFIRMED_FROM_SCREENSHOT,CONFIRMED_FROM_SCREENSHOT,Petit Sell1.png,1,1
Petit Anvers,Belle Isles,Chocolate,Sainte Rose,1653.5,113,CONFIRMED_FROM_SCREENSHOT,CONFIRMED_FROM_SCREENSHOT,Petit Sell6.png,1,1
Petit Anvers,Belle Isles,Chocolate,San Polo,16326.8,363,CONFIRMED_FROM_SCREENSHOT,CONFIRMED_FROM_SCREENSHOT,Petit Sell1.png,1,1
Petit Anvers,Belle Isles,Chocolate,San Salvador,13425.7,313,CONFIRMED_FROM_SCREENSHOT,CONFIRMED_FROM_SCREENSHOT,Petit Sell2.png,1,1
Petit Anvers,Belle Isles,Chocolate,San Vito,13617.3,316,CONFIRMED_FROM_SCREENSHOT,CONFIRMED_FROM_SCREENSHOT,Petit Sell2.png,1,1
Petit Anvers,Belle Isles,Chocolate,Sandy Settlement,15275.8,345,CONFIRMED_FROM_SCREENSHOT,CONFIRMED_FROM_SCREENSHOT,Petit Sell1.png,1,1
Petit Anvers,Belle Isles,Chocolate,Santa Maria,12113.7,291,CONFIRMED_FROM_SCREENSHOT,CONFIRMED_FROM_SCREENSHOT,Petit Sell2.png,1,1
Petit Anvers,Belle Isles,Chocolate,Sao Bento,8844.5,235,CONFIRMED_FROM_SCREENSHOT,CONFIRMED_FROM_SCREENSHOT,Petit Sell4.png,1,1
Petit Anvers,Belle Isles,Chocolate,Snake Prosper,8563.9,231,CONFIRMED_FROM_SCREENSHOT,CONFIRMED_FROM_SCREENSHOT,Petit Sell4.png,1,1
Petit Anvers,Belle Isles,Chocolate,Sugar Cove,13649.4,317,CONFIRMED_FROM_SCREENSHOT,CONFIRMED_FROM_SCREENSHOT,Petit Sell1.png,1,1
Petit Anvers,Belle Isles,Chocolate,Taylor's Town,14766.8,336,CONFIRMED_FROM_SCREENSHOT,CONFIRMED_FROM_SCREENSHOT,Petit Sell1.png,1,1
Petit Anvers,Belle Isles,Chocolate,Theresa,8928.2,237,CONFIRMED_FROM_SCREENSHOT,CONFIRMED_FROM_SCREENSHOT,Petit Sell4.png,1,1
Petit Anvers,Belle Isles,Chocolate,Thresher Point,11458.3,280,CONFIRMED_FROM_SCREENSHOT,CONFIRMED_FROM_SCREENSHOT,Petit Sell3.png,1,1
Petit Anvers,Belle Isles,Chocolate,Venta Nueva,6719.8,199,CONFIRMED_FROM_SCREENSHOT,CONFIRMED_FROM_SCREENSHOT,Petit Sell5.png,1,1
Petit Anvers,Belle Isles,Chocolate,Villarreal Del Mar,6398.0,194,CONFIRMED_FROM_SCREENSHOT,CONFIRMED_FROM_SCREENSHOT,Petit Sell5.png,1,1
Petit Anvers,Belle Isles,Chocolate,White Hook,8977.6,238,CONFIRMED_FROM_SCREENSHOT,CONFIRMED_FROM_SCREENSHOT,Petit Sell4.png,1,1
Petit Anvers,Belle Isles,Chocolate,Wyntergard,4702.4,165,CONFIRMED_FROM_SCREENSHOT,CONFIRMED_FROM_SCREENSHOT,Petit Sell6.png,1,1
Petit Anvers,Belle Isles,Chocolate,Yorinobu's Settlement,7019.9,204,CONFIRMED_FROM_SCREENSHOT,CONFIRMED_FROM_SCREENSHOT,Petit Sell5.png,1,1
Sainte Rose,Belle Isles,Lavender,Al-Jazair,8858.9,260,CONFIRMED_FROM_SCREENSHOT,CONFIRMED_FROM_SCREENSHOT,Sainte Rose sell4.png,1,1
Sainte Rose,Belle Isles,Lavender,Ashbourne,5009.7,188,CONFIRMED_FROM_SCREENSHOT,CONFIRMED_FROM_SCREENSHOT,Sainte Rose sell6.png; Sainte Rose sell7.png,2,1
Sainte Rose,Belle Isles,Lavender,Belfry Heights,11195.1,304,CONFIRMED_FROM_SCREENSHOT,CONFIRMED_FROM_SCREENSHOT,Sainte Rose sell3.png,1,1
Sainte Rose,Belle Isles,Lavender,Bucket Bay,5812.9,203,CONFIRMED_FROM_SCREENSHOT,CONFIRMED_FROM_SCREENSHOT,Sainte Rose sell5.png,1,1
Sainte Rose,Belle Isles,Lavender,Caledonia,9748.2,277,CONFIRMED_FROM_SCREENSHOT,CONFIRMED_FROM_SCREENSHOT,Sainte Rose sell3.png,1,1
Sainte Rose,Belle Isles,Lavender,Castle Landing,12192.4,322,CONFIRMED_FROM_SCREENSHOT,CONFIRMED_FROM_SCREENSHOT,Sainte Rose sell2.png,1,1
Sainte Rose,Belle Isles,Lavender,Caveira,8038.0,244,CONFIRMED_FROM_SCREENSHOT,CONFIRMED_FROM_SCREENSHOT,Sainte Rose sell4.png,1,1
Sainte Rose,Belle Isles,Lavender,Caye Tiburon,9818.9,278,CONFIRMED_FROM_SCREENSHOT,CONFIRMED_FROM_SCREENSHOT,Sainte Rose sell3.png,1,1
Sainte Rose,Belle Isles,Lavender,Crownstead,4731.6,182,CONFIRMED_FROM_SCREENSHOT,CONFIRMED_FROM_SCREENSHOT,Sainte Rose sell6.png; Sainte Rose sell7.png,2,1
Sainte Rose,Belle Isles,Lavender,Cumberland Hill,13225.6,342,CONFIRMED_FROM_SCREENSHOT,CONFIRMED_FROM_SCREENSHOT,Sainte Rose sell1.png,1,1
Sainte Rose,Belle Isles,Lavender,Deadman's Murcia,9131.1,265,CONFIRMED_FROM_SCREENSHOT,CONFIRMED_FROM_SCREENSHOT,Sainte Rose sell4.png,1,1
Sainte Rose,Belle Isles,Lavender,Fair Harbour,6540.4,216,CONFIRMED_FROM_SCREENSHOT,CONFIRMED_FROM_SCREENSHOT,Sainte Rose sell5.png,1,1
Sainte Rose,Belle Isles,Lavender,Falmouth,6032.8,207,CONFIRMED_FROM_SCREENSHOT,CONFIRMED_FROM_SCREENSHOT,Sainte Rose sell5.png,1,1
Sainte Rose,Belle Isles,Lavender,Gyldenvale,5787.8,202,CONFIRMED_FROM_SCREENSHOT,CONFIRMED_FROM_SCREENSHOT,Sainte Rose sell5.png,1,1
Sainte Rose,Belle Isles,Lavender,Jones' Outpost,12241.7,323,CONFIRMED_FROM_SCREENSHOT,CONFIRMED_FROM_SCREENSHOT,Sainte Rose sell2.png,1,1
Sainte Rose,Belle Isles,Lavender,Kandlerova,16051.3,395,CONFIRMED_FROM_SCREENSHOT,CONFIRMED_FROM_SCREENSHOT,Sainte Rose sell1.png,1,1
Sainte Rose,Belle Isles,Lavender,La Povenglia,14534.7,366,CONFIRMED_FROM_SCREENSHOT,CONFIRMED_FROM_SCREENSHOT,Sainte Rose sell1.png,1,1
Sainte Rose,Belle Isles,Lavender,Lebarde,11592.3,311,CONFIRMED_FROM_SCREENSHOT,CONFIRMED_FROM_SCREENSHOT,Sainte Rose sell2.png,1,1
Sainte Rose,Belle Isles,Lavender,Lord Irving's Sacrifice,10248.2,286,CONFIRMED_FROM_SCREENSHOT,CONFIRMED_FROM_SCREENSHOT,Sainte Rose sell3.png,1,1
Sainte Rose,Belle Isles,Lavender,Louisbourg,1183.4,116,CONFIRMED_FROM_SCREENSHOT,CONFIRMED_FROM_SCREENSHOT,Sainte Rose sell7.png,1,1
Sainte Rose,Belle Isles,Lavender,Madalena,8865.7,260,CONFIRMED_FROM_SCREENSHOT,CONFIRMED_FROM_SCREENSHOT,Sainte Rose sell4.png,1,1
Sainte Rose,Belle Isles,Lavender,Mako's Outlook,10946.6,299,CONFIRMED_FROM_SCREENSHOT,CONFIRMED_FROM_SCREENSHOT,Sainte Rose sell3.png,1,1
Sainte Rose,Belle Isles,Lavender,Matthew's Rest,5180.4,191,CONFIRMED_FROM_SCREENSHOT,CONFIRMED_FROM_SCREENSHOT,Sainte Rose sell6.png,1,1
Sainte Rose,Belle Isles,Lavender,Maurepas,2038.0,132,CONFIRMED_FROM_SCREENSHOT,CONFIRMED_FROM_SCREENSHOT,Sainte Rose sell6.png; Sainte Rose sell7.png,2,1
Sainte Rose,Belle Isles,Lavender,New Brighton,8183.3,247,CONFIRMED_FROM_SCREENSHOT,CONFIRMED_FROM_SCREENSHOT,Sainte Rose sell4.png,1,1
Sainte Rose,Belle Isles,Lavender,New Catalina,13375.5,345,CONFIRMED_FROM_SCREENSHOT,CONFIRMED_FROM_SCREENSHOT,Sainte Rose sell1.png,1,1
Sainte Rose,Belle Isles,Lavender,Pachard Town,4889.0,185,CONFIRMED_FROM_SCREENSHOT,CONFIRMED_FROM_SCREENSHOT,Sainte Rose sell6.png; Sainte Rose sell7.png,2,1
Sainte Rose,Belle Isles,Lavender,Peter's Cove,13934.2,355,CONFIRMED_FROM_SCREENSHOT,CONFIRMED_FROM_SCREENSHOT,Sainte Rose sell1.png,1,1
Sainte Rose,Belle Isles,Lavender,Petit Anvers,1653.5,125,CONFIRMED_FROM_SCREENSHOT,CONFIRMED_FROM_SCREENSHOT,Sainte Rose sell6.png; Sainte Rose sell7.png,2,1
Sainte Rose,Belle Isles,Lavender,Poblado de San Juan,10878.3,298,CONFIRMED_FROM_SCREENSHOT,CONFIRMED_FROM_SCREENSHOT,Sainte Rose sell3.png,1,1
Sainte Rose,Belle Isles,Lavender,Point Rocheux,3907.4,167,CONFIRMED_FROM_SCREENSHOT,CONFIRMED_FROM_SCREENSHOT,Sainte Rose sell6.png; Sainte Rose sell7.png,2,1
Sainte Rose,Belle Isles,Lavender,Ponta Delgada,6827.5,222,CONFIRMED_FROM_SCREENSHOT,CONFIRMED_FROM_SCREENSHOT,Sainte Rose sell5.png,1,1
Sainte Rose,Belle Isles,Lavender,Port Antonio,6598.7,217,CONFIRMED_FROM_SCREENSHOT,CONFIRMED_FROM_SCREENSHOT,Sainte Rose sell5.png,1,1
Sainte Rose,Belle Isles,Lavender,Port Louis,6326.8,212,CONFIRMED_FROM_SCREENSHOT,CONFIRMED_FROM_SCREENSHOT,Sainte Rose sell5.png,1,1
Sainte Rose,Belle Isles,Lavender,Port Royal,8498.5,253,CONFIRMED_FROM_SCREENSHOT,CONFIRMED_FROM_SCREENSHOT,Sainte Rose sell4.png,1,1
Sainte Rose,Belle Isles,Lavender,Port-Au-Croix,4230.0,173,CONFIRMED_FROM_SCREENSHOT,CONFIRMED_FROM_SCREENSHOT,Sainte Rose sell6.png; Sainte Rose sell7.png,2,1
Sainte Rose,Belle Isles,Lavender,Princeton,10526.2,291,CONFIRMED_FROM_SCREENSHOT,CONFIRMED_FROM_SCREENSHOT,Sainte Rose sell3.png,1,1
Sainte Rose,Belle Isles,Lavender,Puerto de San Fernando,8380.3,251,CONFIRMED_FROM_SCREENSHOT,CONFIRMED_FROM_SCREENSHOT,Sainte Rose sell4.png,1,1
Sainte Rose,Belle Isles,Lavender,Saint Vincent,8072.1,245,CONFIRMED_FROM_SCREENSHOT,CONFIRMED_FROM_SCREENSHOT,Sainte Rose sell4.png,1,1
Sainte Rose,Belle Isles,Lavender,Saint-Nicholas,15168.9,378,CONFIRMED_FROM_SCREENSHOT,CONFIRMED_FROM_SCREENSHOT,Sainte Rose sell1.png,1,1
Sainte Rose,Belle Isles,Lavender,San Polo,15399.5,382,CONFIRMED_FROM_SCREENSHOT,CONFIRMED_FROM_SCREENSHOT,Sainte Rose sell1.png,1,1
Sainte Rose,Belle Isles,Lavender,San Salvador,12142.7,321,CONFIRMED_FROM_SCREENSHOT,CONFIRMED_FROM_SCREENSHOT,Sainte Rose sell2.png,1,1
Sainte Rose,Belle Isles,Lavender,San Vito,12833.7,334,CONFIRMED_FROM_SCREENSHOT,CONFIRMED_FROM_SCREENSHOT,Sainte Rose sell2.png,1,1
Sainte Rose,Belle Isles,Lavender,Sandy Settlement,15025.0,375,CONFIRMED_FROM_SCREENSHOT,CONFIRMED_FROM_SCREENSHOT,Sainte Rose sell1.png,1,1
Sainte Rose,Belle Isles,Lavender,Santa Maria,10710.5,295,CONFIRMED_FROM_SCREENSHOT,CONFIRMED_FROM_SCREENSHOT,Sainte Rose sell3.png,1,1
Sainte Rose,Belle Isles,Lavender,Sao Bento,7191.2,229,CONFIRMED_FROM_SCREENSHOT,CONFIRMED_FROM_SCREENSHOT,Sainte Rose sell5.png,1,1
Sainte Rose,Belle Isles,Lavender,Snake Prosper,9457.5,271,CONFIRMED_FROM_SCREENSHOT,CONFIRMED_FROM_SCREENSHOT,Sainte Rose sell4.png,1,1
Sainte Rose,Belle Isles,Lavender,Sugar Cove,14307.9,362,CONFIRMED_FROM_SCREENSHOT,CONFIRMED_FROM_SCREENSHOT,Sainte Rose sell1.png,1,1
Sainte Rose,Belle Isles,Lavender,Taylor's Town,14730.0,370,CONFIRMED_FROM_SCREENSHOT,CONFIRMED_FROM_SCREENSHOT,Sainte Rose sell1.png,1,1
Sainte Rose,Belle Isles,Lavender,Theresa,7733.2,239,CONFIRMED_FROM_SCREENSHOT,CONFIRMED_FROM_SCREENSHOT,Sainte Rose sell4.png,1,1
Sainte Rose,Belle Isles,Lavender,Thresher Point,11156.4,303,CONFIRMED_FROM_SCREENSHOT,CONFIRMED_FROM_SCREENSHOT,Sainte Rose sell3.png,1,1
Sainte Rose,Belle Isles,Lavender,Venta Nueva,5197.9,191,CONFIRMED_FROM_SCREENSHOT,CONFIRMED_FROM_SCREENSHOT,Sainte Rose sell6.png; Sainte Rose sell7.png,2,1
Sainte Rose,Belle Isles,Lavender,Villarreal Del Mar,5058.1,189,CONFIRMED_FROM_SCREENSHOT,CONFIRMED_FROM_SCREENSHOT,Sainte Rose sell6.png; Sainte Rose sell7.png,2,1
Sainte Rose,Belle Isles,Lavender,White Hook,10030.8,282,CONFIRMED_FROM_SCREENSHOT,CONFIRMED_FROM_SCREENSHOT,Sainte Rose sell3.png,1,1
Sainte Rose,Belle Isles,Lavender,Wyntergard,5966.5,206,CONFIRMED_FROM_SCREENSHOT,CONFIRMED_FROM_SCREENSHOT,Sainte Rose sell5.png,1,1
Sainte Rose,Belle Isles,Lavender,Yorinobu's Settlement,7236.3,229,CONFIRMED_FROM_SCREENSHOT,CONFIRMED_FROM_SCREENSHOT,Sainte Rose sell5.png,1,1
